"key","animal","quantity","body_part_found","date_started","date_closed","source","division","form","status","priority","complaint_type","descriptor_1","descriptor_2","complaint_details","location_type","park_or_facility","property_number","park_district","additional_location_details","council_district_number","site_street_address","site_borough","site_city_zip","lat","lng","complaint_type_confirmed","descriptor_confirmed","resolution_action_updated","resolution_description","time_to_action","animal_type","report_year","body_part_type"
5,"Dove",1,"Head and Body",2006-11-11,NA,"3-1-1 Call Center","Borough Maintenance Operations Office - Bronx","DPR General Intake","Closed","Normal","Animal in a Park","Dead Animal","N/A","CALLER STATES THAT HE WAS WALKING IN PELHAM BAY PARK IN THE BRONX, AND SAW A DEAD DOVE AND CHICKEN. THEY WERE SURROUNDED BY CANDLES AND COINS. THE ANIMALS WERE BEHEADED.","Park","PELHAM BAY PARK - AILEEN RYAN RECREATION","X039","15","THE BIRDS IN THE WOODED AREA NEAR THE WOODS ENTRANCE AT STADIUM AVENUE AND MIDDLETOWN ROAD.",13,"(S) MIDDLETOWN RD. TO (W) BRUCKNER","BRONX","BRONX 10461",40.8476284,-73.8360251,"Animal in a Park","Dead Animal",NA,"The Department of Parks and Recreation usually requires 7 days to respond to this type of complaint. Please note your Service Request number for future reference.","Closed: No Further Updates","Bird","2006","head and body"
5,"Chicken",1,"Head and Body",2006-11-11,NA,"3-1-1 Call Center","Borough Maintenance Operations Office - Bronx","DPR General Intake","Closed","Normal","Animal in a Park","Dead Animal","N/A","CALLER STATES THAT HE WAS WALKING IN PELHAM BAY PARK IN THE BRONX, AND SAW A DEAD DOVE AND CHICKEN. THEY WERE SURROUNDED BY CANDLES AND COINS. THE ANIMALS WERE BEHEADED.","Park","PELHAM BAY PARK - AILEEN RYAN RECREATION","X039","15","THE BIRDS IN THE WOODED AREA NEAR THE WOODS ENTRANCE AT STADIUM AVENUE AND MIDDLETOWN ROAD.",13,"(S) MIDDLETOWN RD. TO (W) BRUCKNER","BRONX","BRONX 10461",40.8476284,-73.8360251,"Animal in a Park","Dead Animal",NA,"The Department of Parks and Recreation usually requires 7 days to respond to this type of complaint. Please note your Service Request number for future reference.","Closed: No Further Updates","Bird","2006","head and body"
7,"Pigeon",3,"Body Without Head",2006-12-30,2007-01-09,"3-1-1 Call Center","Borough Maintenance Operations Office - Bronx","DPR General Intake","Closed","Normal","Animal in a Park","Dead Animal","N/A","CALLER STATES THAT THERE ARE 3 DEAD PIGEONS IN THE PARK. THESE PIGEONS HAS BODY BUT NOT THEIR HEADS. CALLER ALSO STATED THAT THERE THERE IS A PIG'S HEAD WITHOUT BODY IN THE PARK. CALLER STATED THEY ARE NEXT TO EACH OTHER.","Park","ST MARY'S PARK","X045","1","NEXT TO THE PARK NEAR THE PICKNICK TABLE AREA ON THE GRASS",17,"ST MARYS ST, ST ANNS AVE, E 149 ST, JACKSON","BRONX","BRONX 10454",40.8022594,-73.9154069,"Animal in a Park","Dead Animal",2007-01-09 15:11:15,"The Department of Parks and Recreation has completed the requested work order and corrected the problem.","Closed: No Further Updates","Bird","2006","body without head"
7,"Pig",1,"Head",2006-12-30,2007-01-09,"3-1-1 Call Center","Borough Maintenance Operations Office - Bronx","DPR General Intake","Closed","Normal","Animal in a Park","Dead Animal","N/A","CALLER STATES THAT THERE ARE 3 DEAD PIGEONS IN THE PARK. THESE PIGEONS HAS BODY BUT NOT THEIR HEADS. CALLER ALSO STATED THAT THERE THERE IS A PIG'S HEAD WITHOUT BODY IN THE PARK. CALLER STATED THEY ARE NEXT TO EACH OTHER.","Park","ST MARY'S PARK","X045","1","NEXT TO THE PARK NEAR THE PICKNICK TABLE AREA ON THE GRASS",17,"ST MARYS ST, ST ANNS AVE, E 149 ST, JACKSON","BRONX","BRONX 10454",40.8022594,-73.9154069,"Animal in a Park","Dead Animal",2007-01-09 15:11:15,"The Department of Parks and Recreation has completed the requested work order and corrected the problem.","Closed: No Further Updates","Mammal","2006","head"
24,"Hens",2,"Body Without Head",2008-05-05,2009-05-08,"3-1-1 Call Center","Borough Maintenance Operations Office - Brooklyn","DPR General Intake","Closed","Normal","Animal in a Park","Dead Animal","N/A","CALLER STATES THERE IS 2 Large HENS THAT ARE HEADLESS AND 3 Pigeons HEADLESS.","Park","FORT GREENE PARK","B032","2","the entrance of myrtle ave and st edwards",35,"MYRTLE AVENUE, CUMBERLAND ST, DEKALB AVE ","BROOKLYN","BROOKLYN 11201",40.6898249,-73.9812036,"Animal in a Park","Dead Animal",2008-05-08 16:55:32,"The Department of Parks and Recreation has completed the requested work order and corrected the problem.","Closed: No Further Updates","Bird","2008","body without head"
24,"Pigeons",3,"Body Without Head",2008-05-05,2009-05-08,"3-1-1 Call Center","Borough Maintenance Operations Office - Brooklyn","DPR General Intake","Closed","Normal","Animal in a Park","Dead Animal","N/A","CALLER STATES THERE IS 2 Large HENS THAT ARE HEADLESS AND 3 Pigeons HEADLESS.","Park","FORT GREENE PARK","B032","2","the entrance of myrtle ave and st edwards",35,"MYRTLE AVENUE, CUMBERLAND ST, DEKALB AVE ","BROOKLYN","BROOKLYN 11201",40.6898249,-73.9812036,"Animal in a Park","Dead Animal",2008-05-08 16:55:32,"The Department of Parks and Recreation has completed the requested work order and corrected the problem.","Closed: No Further Updates","Bird","2008","body without head"
34,"Goat",1,"Head",2010-02-08,2010-02-09,"Department of Parks and Recreation","Borough Maintenance Operations Office - Manhattan","DPR General Intake","Closed","Normal","Animal in a Park","Dead Animal","N/A","PRM D. Mercado rpts there is a goat's head and a dead chicken found at this location. NYPD is en route. Pics have been taken. M&O will remove it.","Park","HIGHBRIDGE PARK","M037","12","190th street & Amsterdam",7,"WEST 155TH AND DYCKMAN STREETS","MANHATTAN","NEW YORK 10039",40.8681918,-73.9310449,"Animal in a Park","Dead Animal",2010-02-09 15:14:54,"The Department of Parks and Recreation has completed the requested work order and corrected the problem.","Closed: No Further Updates","Mammal","2010","head"
34,"Chicken",1,"Whole Body",2010-02-08,2010-02-09,"Department of Parks and Recreation","Borough Maintenance Operations Office - Manhattan","DPR General Intake","Closed","Normal","Animal in a Park","Dead Animal","N/A","PRM D. Mercado rpts there is a goat's head and a dead chicken found at this location. NYPD is en route. Pics have been taken. M&O will remove it.","Park","HIGHBRIDGE PARK","M037","12","190th street & Amsterdam",7,"WEST 155TH AND DYCKMAN STREETS","MANHATTAN","NEW YORK 10039",40.8681918,-73.9310449,"Animal in a Park","Dead Animal",2010-02-09 15:14:54,"The Department of Parks and Recreation has completed the requested work order and corrected the problem.","Closed: No Further Updates","Bird","2010","whole body"
27,"Goat",1,"Head & Rib Cage",2009-04-18,2009-04-21,"3-1-1 Call Center","Borough Maintenance Operations Office - Queens","DPR General Intake","Closed","Normal","Animal in a Park","Dead Animal","N/A","CALLER STATES: FOUND A GOATS HEAD, A BLACK ROOSTER AND SOME OTHER BODY PARTS OF ANIMALS. THERE IS ALSO A BIG RIB CAGE OF THE GOATS WITHOUT ANY MEAT ON IT.","Park","FOREST PARK","","","ENTER PARK LANE SOUTH AND MYRTLE. ITS ON THE ORANGE TRAIL AND CALLER DOESN'T MIND TO COME OUT AND SHOW THE EVIDENCE.",30,"","QUEENS","RICHMOND HILL 11418",40.6998251,-73.8312457,"Animal in a Park","Dead Animal",2009-04-21 09:34:18,"The Department of Parks and Recreation has completed the requested work order and corrected the problem.","Closed: No Further Updates","Mammal","2009","head & others"
27,"Rooster ",1,"Whole Body",2009-04-18,2009-04-21,"3-1-1 Call Center","Borough Maintenance Operations Office - Queens","DPR General Intake","Closed","Normal","Animal in a Park","Dead Animal","N/A","CALLER STATES: FOUND A GOATS HEAD, A BLACK ROOSTER AND SOME OTHER BODY PARTS OF ANIMALS. THERE IS ALSO A BIG RIB CAGE OF THE GOATS WITHOUT ANY MEAT ON IT.","Park","FOREST PARK","","","ENTER PARK LANE SOUTH AND MYRTLE. ITS ON THE ORANGE TRAIL AND CALLER DOESN'T MIND TO COME OUT AND SHOW THE EVIDENCE.",30,"","QUEENS","RICHMOND HILL 11418",40.6998251,-73.8312457,"Animal in a Park","Dead Animal",2009-04-21 09:34:18,"The Department of Parks and Recreation has completed the requested work order and corrected the problem.","Closed: No Further Updates","Bird","2009","whole body"
27,"Unknown",1,"Not Specified",2009-04-18,2009-04-21,"3-1-1 Call Center","Borough Maintenance Operations Office - Queens","DPR General Intake","Closed","Normal","Animal in a Park","Dead Animal","N/A","CALLER STATES: FOUND A GOATS HEAD, A BLACK ROOSTER AND SOME OTHER BODY PARTS OF ANIMALS. THERE IS ALSO A BIG RIB CAGE OF THE GOATS WITHOUT ANY MEAT ON IT.","Park","FOREST PARK","","","ENTER PARK LANE SOUTH AND MYRTLE. ITS ON THE ORANGE TRAIL AND CALLER DOESN'T MIND TO COME OUT AND SHOW THE EVIDENCE.",30,"","QUEENS","RICHMOND HILL 11418",40.6998251,-73.8312457,"Animal in a Park","Dead Animal",2009-04-21 09:34:18,"The Department of Parks and Recreation has completed the requested work order and corrected the problem.","Closed: No Further Updates","Unknown","2009","not specified"
63,"Squirrels",6,"Whole Body",2014-12-07,NA,"3-1-1 Call Center","Borough Maintenance Operations Office - Queens","DPR General Intake","Assigned","Normal","Animal in a Park","Dead Animal","N/A","I'VE SEEN AS MUCH AS SEVEN DEAD SQUIRRELS DEAD IN THE PARK. I'VE SEEN ONE THAT WAS DECAPITATED.","Park","ASTORIA PARK","Q004","1","ON THE BASE OF 23 AVENUE BUT ITS ALL OVER THE PARK.",22,"ASTORIA PARK SOUTH, 21ST STREET, HOYT","QUEENS","ASTORIA 11105",40.7787902,-73.9065883,"Animal in a Park","Dead Animal",NA,"","Past Due","Mammal","2014","whole body"
63,"Squirrels",1,"Body Without Head",2014-12-07,NA,"3-1-1 Call Center","Borough Maintenance Operations Office - Queens","DPR General Intake","Assigned","Normal","Animal in a Park","Dead Animal","N/A","I'VE SEEN AS MUCH AS SEVEN DEAD SQUIRRELS DEAD IN THE PARK. I'VE SEEN ONE THAT WAS DECAPITATED.","Park","ASTORIA PARK","Q004","1","ON THE BASE OF 23 AVENUE BUT ITS ALL OVER THE PARK.",22,"ASTORIA PARK SOUTH, 21ST STREET, HOYT","QUEENS","ASTORIA 11105",40.7787902,-73.9065883,"Animal in a Park","Dead Animal",NA,"","Past Due","Mammal","2014","body without head"
1,"Birds",1,"Head, Legs, Body parts separated",2006-04-01,2006-04-01,"3-1-1 Call Center","Borough Maintenance Operations Office - Manhattan","DPR General Intake","Closed","Normal","Animal in a Park","Dead Animal","N/A","THE CALLER IS REPORTING THAT THERE ARE 5 BLACK BAG FILLED WITGH DEAD BIRDS CHICKEN LEGS OR ROOSTER LEGS AND THE BIRDS HAVE NAILS IN THEIR HEAD LIKE SOMEONE WAS DOING VOODOO. THIS IS NOT THE FIRST TIME THECALLER HAS REPORTED THIS. THE BAG IS INSIDE THE PARK ON THE 90 STREET ENTRANCE WITH THE WALKWAY SPLITS BY A TREE THE BAGS ARE NEXT TO IT.","Park","RIVERSIDE PARK - HIPPO PLAYGROUND","M071","14","ON THE 90 STREET ENTRANCE TAKE THE RIGHT HAND PATH WALK 100 YARD WITH THE PATH SPLIT THERE IS A BIG TREE WITH THE BAGS NEXT TO IT.",6,"W 91 ST AND RIVERSIDE DR","MANHATTAN","NEW YORK 10023",40.7927426,-73.9770935,"Animal in a Park","Dead Animal",2006-04-01 00:00:00,"The Department of Parks and Recreation has completed the requested work order and corrected the problem.","Closed: No Further Updates","Bird","2006","head & others"
2,"Rooster",1,"Head and Body",2006-04-14,2006-04-19,"3-1-1 Call Center","Borough Maintenance Operations Office - Staten Island","DPR General Intake","Closed","Normal","Animal in a Park","Dead Animal","N/A","THE CALLER STATES THAT THERE IS A DEAD ROOSTER WITH IT'S HEAD CUT OFF IN THE PARK","Park","WILLOWBROOK PARK","R030","2","CLOSER TO ASHWORTH AVE",50,"RICHMOND AVE TO VICTORY BLVD","STATEN ISLAND","STATEN ISLAND 10314",40.6080438,-74.1572251,"Animal in a Park","Dead Animal",2006-04-19 10:16:54,"The Department of Parks and Recreation has completed the requested work order and corrected the problem.","Closed: No Further Updates","Bird","2006","head and body"
3,"Birds",9,"Body Without Head",2006-04-16,2006-04-16,"3-1-1 Call Center","Borough Maintenance Operations Office - Bronx","DPR General Intake","Closed","Normal","Animal in a Park","Dead Animal","N/A","CALLER STATES THAT HE SAW NINE BIRDS WITH NO HEADS LAYING OUT IN THE BEACH, HE ALSO TWO BAGS WITH WHAT HE BELIEVES ARE FULL OF IT.","Park","NOT SPECIFIED","","","OPEN THE GATE LOOK DOWN AT THE BEACH AND THEY ARE ALL IN THERE. AT THE END OF EAST BOWNE STREET.",13,"","BRONX","BRONX 10464",40.864318,-73.7977928,"Animal in a Park","Dead Animal",2006-04-16 12:52:40,"No action was taken because the Department of Parks and Recreation determined that the issue reported was out of its jurisdiction.","Closed: No Further Updates","Bird","2006","body without head"
4,"Lamb",1,"Body Without Head",2006-07-02,2006-07-02,"Department of Parks and Recreation","Department of Parks and Recreation","DPR General Intake","Closed","Normal","Animal in a Park","Dead Animal","N/A","clove lakes (martlings & brooks pond pl): sgt a.reid rpts that a decapitated lamb was found at site (head was not at location). carcass will be removed my m&o.","Park","CLOVE LAKES PARK","R005","1","martlings & brooks pond pl",49,"SLOSSON AVE, VICTORY BLVD, CLOVE RD","STATEN ISLAND","STATEN ISLAND 10301",40.6184839,-74.1054656,"Animal in a Park","Dead Animal",2006-07-02 13:03:12,"The Department of Parks and Recreation has completed the requested work order and corrected the problem.","Closed: No Further Updates","Mammal","2006","body without head"
6,"Pigeon",2,"Head and Body",2006-12-10,2006-12-11,"3-1-1 Call Center","Borough Maintenance Operations Office - Brooklyn","DPR General Intake","Closed","Normal","Animal in a Park","Dead Animal","N/A","CALLER STATES THAT THERE IS A TWO PIGEONS THAT ARE BEHEADED AND GUTTED","Park","WASHINGTON PARK","","","ENTRANCE ON WASHINGTON PARK",35,"","BROOKLYN","BROOKLYN 11215",40.6730447,-73.9850231,"Animal in a Park","Dead Animal",2006-12-11 12:43:44,"The Department of Parks and Recreation has completed the requested work order and corrected the problem.","Closed: No Further Updates","Bird","2006","head and body"
8,"Goat",1,"Head",2007-01-06,2007-01-06,"Department of Parks and Recreation","Borough Maintenance Operations Office - Queens","DPR General Intake","Closed","Normal","Animal in a Park","Dead Animal","N/A","Ofc. Jajac of Qns PEP notified central of a goat head in the Meadow Lake. M&O removed the head and disposed of it.","Park","FLUSHING MEADOWS AND CORONA PARK","Q099","15","Meadow Lake",21,"GRAND CENTRAL PKWY, VAN WYCK EXWY","QUEENS","FOREST HILLS 11375",40.7245678,-73.8457658,"Animal in a Park","Dead Animal",2007-01-06 18:09:43,"The Department of Parks and Recreation has completed the requested work order and corrected the problem.","Closed: No Further Updates","Mammal","2007","head"
9,"Unknown",2,"Head",2007-02-21,2007-02-28,"3-1-1 Call Center","Borough Maintenance Operations Office - Brooklyn","DPR General Intake","Closed","Normal","Animal in a Park","Dead Animal","N/A","CALLER STS THAT THERE ARE TWO HEADS FROM UNKNOWN ANIMAL(S) AT THE GREEN STREET AT SITE LOCATION","Park","NOT SPECIFIED","","","GREEN STREET AT LOCATION",48,"","BROOKLYN","BROOKLYN 11235",40.5860069,-73.9418603,"Animal in a Park","Dead Animal",2007-02-28 11:01:46,"The Department of Parks and Recreation has completed the requested work order and corrected the problem.","Closed: No Further Updates","Unknown","2007","head"
10,"Roosters",2,"Head and Body",2007-04-22,2007-04-23,"3-1-1 Call Center","Borough Maintenance Operations Office - Bronx","DPR General Intake","Closed","Normal","Animal in a Park","Dead Animal","N/A","CALLER STATED THAT THERE ARE TWO DEAD DECAPITATED WHITE ROOSTER'S IN A PARK CALLED PELHAM BAY PARK. CALLER STATES THAT THERE ARE HUMAN CLOTHES NEXT TO IT, CALLER STATES THAT SHE ONLY SEES ONE HEAD. THE ANIMALS ARE BY THE DUMP RIGHT NEXT TO THE WATER AND CALLER WOULD LIKE SOME ASSISTANCE IN HAVING IT REMOVED.","Park","PELHAM BAY PARK","X039","15","NEAR THE DUMP, ONE PATH IN FROM THE WATER, NEAR DIAMOND 7",13,"BRUCKNER BLVD, EASTCHESTER, HUTCHINSON","BRONX","BRONX 10461",40.8524136,-73.8263227,"Animal in a Park","Dead Animal",2007-04-23 14:36:01,"The Department of Parks and Recreation has completed the requested work order and corrected the problem.","Closed: No Further Updates","Bird","2007","head and body"
11,"Bird",1,"Head and Body",2007-09-04,2007-10-09,"3-1-1 Call Center","Borough Maintenance Operations Office - Manhattan","DPR General Intake","Closed","Normal","Animal in a Park","Dead Animal","N/A","DEAD ANIMAL. A BIRD. HEAD WAS CUT OFF","Park","CENTRAL PARK","M010","13","NEAR 86TH ENTRANCE WEST SIDE",8,"5 AVENUE TO CENTRAL PARK WEST, 59 TO 110","MANHATTAN","NEW YORK 10021",40.7700703,-73.9580246,"Animal in a Park","Dead Animal",2007-10-09 12:06:30,"The Department of Parks and Recreation has completed the requested work order and corrected the problem.","Closed: No Further Updates","Bird","2007","head and body"
12,"Cat",1,"Head",2007-09-17,2007-10-24,"3-1-1 Call Center","Borough Maintenance Operations Office - Manhattan","DPR General Intake","Closed","Normal","Animal in a Park","Dead Animal","N/A","CALLER STATES HE FOUND A CAT HEAD PLACED ON FENCE INSIDE PARK","Park","RIVERSIDE PARK","M071","14","LOCATED AT THE 99 ST ENTRACE ON THE PATH ON THE UPPER LEVEL",6,"RIVERSIDE DR TO HUDSON RIVER, W 59 ST TO","MANHATTAN","NEW YORK 10023",40.7769059,-73.9800645,"Animal in a Park","Dead Animal",2007-10-24 11:08:57,"The Department of Parks and Recreation has completed the requested work order and corrected the problem.","Closed: No Further Updates","Mammal","2007","head"
13,"Cat",1,"Head",2007-09-17,2007-10-24,"3-1-1 Call Center","Borough Maintenance Operations Office - Manhattan","DPR General Intake","Closed","Normal","Animal in a Park","Dead Animal","N/A","CALLER STATES HE FOUND A CATS HEAD PLACED ON FENCE IN RIVERSIDE PARK","Park","RIVERSIDE PARK - DINASOUR PLAYGROUND","M071","14","SOUTH OF FIREMANS MENORIAL BETWEEN 99 STREET AND 100 STREET.",6,"W 97 ST AND RIVERSIDE DR","MANHATTAN","NEW YORK 10023",40.7965253,-73.9741203,"Animal in a Park","Dead Animal",2007-10-24 10:59:32,"The Department of Parks and Recreation has completed the requested work order and corrected the problem.","Closed: No Further Updates","Mammal","2007","head"
14,"Cat",1,"Head",2007-09-17,2007-11-09,"3-1-1 Call Center","Borough Maintenance Operations Office - Manhattan","DPR General Intake","Closed","Normal","Animal in a Park","Dead Animal","N/A","CALLER STATED THAT THERE IS A CAT IN THE CITY PARK WHICH IS DECAPITATED BY SOMEONE, CALLER STATED THIS ANIMAL NEED TO CLEAN UP AND NEED SOME ASSISTANCE. CLR STATED THE ANIMAL IS NEAR THE FIREMAN MEMORIAL.","Park","RIVERSIDE PARK - DINASOUR PLAYGROUND","M071","14","ON W 99 STREET AND RIVERSIDE DRIVE.",6,"W 97 ST AND RIVERSIDE DR","MANHATTAN","NEW YORK 10023",40.7965253,-73.9741203,"Animal in a Park","Dead Animal",2007-11-09 11:23:27,"The Department of Parks and Recreation has completed the requested work order and corrected the problem.","Closed: No Further Updates","Mammal","2007","head"
15,"Cat",1,"Head",2007-09-17,2007-11-13,"3-1-1 Call Center","Borough Maintenance Operations Office - Manhattan","DPR General Intake","Closed","Normal","Animal in a Park","Dead Animal","N/A","CALLER STATED THAT THERE IS A CAT HEAD THAT IS ATTACHED TO STAKE THAT IS FENCED AROUND THE FIREMEN MEMORIAL.","Park","RIVERSIDE PARK","","","FIREMEN MEMORIAL AREA. WALK ON THE PATH",9,"","MANHATTAN","NEW YORK 10025",40.8012339,-73.9723096,"Animal in a Park","Dead Animal",2007-11-13 16:26:26,"The Department of Parks and Recreation has completed the requested work order and corrected the problem.","Closed: No Further Updates","Mammal","2007","head"
16,"Unknown",1,"Not specified",2007-10-24,2007-10-25,"3-1-1 Call Center","Borough Maintenance Operations Office - Bronx","DPR General Intake","Closed","Normal","Animal in a Park","Dead Animal","N/A","DEAD ANIMAL HEAD IN A BLUE PLASTIC BAG","Park","BRONX PARK","","","OPPOSITE 306 E MOSHOLU PKWY SOUTH, NEXT TO TREE IN PARK",11,"","BRONX","BRONX 10458",40.8621507,-73.8807418,"Animal in a Park","Dead Animal",2007-10-25 14:23:59,"The Department of Parks and Recreation has completed the requested work order and corrected the problem.","Closed: No Further Updates","Unknown","2007","not specified"
17,"Chicken",2,"Head and Body",2007-11-19,2007-11-20,"3-1-1 Call Center","Borough Maintenance Operations Office - Bronx","DPR General Intake","Closed","Normal","Animal in a Park","Dead Animal","N/A","THE CALLER STATES THAT THERE TWO DECAPITATED CHICKENS INSIDE OF THE PARK","Park","FRANZ SIGEL PARK","X047","4","THE DEAD BIRDS ARE NEAR THE EAST 158TH STREET ENTRANCE",17,"NYCRR, WALTON AVE, E 158 ST, GRAND","BRONX","BRONX 10451",40.8187386,-73.9271644,"Animal in a Park","Dead Animal",2007-11-20 14:39:17,"The Department of Parks and Recreation has completed the requested work order and corrected the problem.","Closed: No Further Updates","Bird","2007","head and body"
18,"Chicken",2,"Body Without Head",2007-12-08,2007-12-11,"3-1-1 Call Center","Borough Maintenance Operations Office - Queens","DPR General Intake","Closed","Normal","Animal in a Park","Dead Animal","N/A","CALLER STATE THERE ARE ABOUT 2 DEAD CHICKENS WITHOUT HEADS IN THE PARK","Park","MORNINGSIDE PARK","M056","9","MORNINGSIDE DRIVE AND WEST 120 STREET ON THE STAIRS",9,"W 110 TO W 123 ST, MANHATTAN AVE TO","MANHATTAN","NEW YORK 10026",40.8032131,-73.9525825,"Animal in a Park","Dead Animal",2007-12-11 09:46:09,"The Department of Parks and Recreation has completed the requested work order and corrected the problem.","Closed: No Further Updates","Bird","2007","body without head"
19,"Chicken",1,"Head and Body",2007-12-15,2007-12-26,"3-1-1 Call Center","Borough Maintenance Operations Office - Bronx","DPR General Intake","Closed","Normal","Animal in a Park","Dead Animal","N/A","CALLER STATES THAT THERE IS A DEAD ANIMAL IN THE ENTRANCE OFF THE PARK. ITS A DEAD CHICKEN WITH HIS HEAD CUT OFF.","Park","WILLIAMSBRIDGE OVAL -P G MINI POOL AND","X104","7","IN THE PARK",11,"RESERVOIR OVAL EAST, HOLT PL","BRONX","BRONX 10467",40.8765981,-73.8765489,"Animal in a Park","Dead Animal",2007-12-26 08:42:05,"The Department of Parks and Recreation has completed the requested work order and corrected the problem.","Closed: No Further Updates","Bird","2007","head and body"
20,"Chicken",2,"Head and Body",2008-03-25,2008-03-27,"3-1-1 Call Center","Borough Maintenance Operations Office - Bronx","DPR General Intake","Closed","Normal","Animal in a Park","Dead Animal","N/A","CALLER IS REPORTING THAT THERE ARE TWO DEAD CHICKENS IN THE PARK WITH THEIR HEADS CUT OFF. IT IS BY THE WATER FRONT NEAR NORTH WEST BARBEQUE AREA.","Park","FERRY POINT PARK","X126","10","NORTH WEST BARBEQUE AREA BY THE WATER FRONT.",18,"WESTCHESTER CR, SCHLEY, EMERSON AVES.","BRONX","BRONX 10465",40.8262186,-73.8242621,"Animal in a Park","Dead Animal",2008-03-27 14:37:19,"The Department of Parks and Recreation has completed the requested work order and corrected the problem.","Closed: No Further Updates","Bird","2008","head and body"
21,"Goat",1,"Body Without Head",2008-04-08,2008-04-09,"3-1-1 Call Center","Borough Maintenance Operations Office - Bronx","DPR General Intake","Closed","Normal","Animal in a Park","Dead Animal","N/A","CALLER SAID THAT THERE IS A DEAD GOAT WITH NOT HEAD, LOCATED BY THE WATER AT THE BEGINNING OF THE BEACK IN THE PARK.","Park","FERRY POINT PARK","X126","10","BY WATER OF THE BEACH.",18,"WESTCHESTER CR, SCHLEY, EMERSON AVES.","BRONX","BRONX 10465",40.8262186,-73.8242621,"Animal in a Park","Dead Animal",2008-04-09 14:17:26,"The Department of Parks and Recreation has completed the requested work order and corrected the problem.","Closed: No Further Updates","Mammal","2008","body without head"
22,"Turtle",1,"Body Without Head",2008-04-24,2008-04-24,"Department of Parks and Recreation","Borough Maintenance Operations Office - Queens","DPR General Intake","Closed","Normal","Animal in a Park","Dead Animal","N/A","PS2 J BROPHY RPTS THAT THERE ARE SOME TURTLES WITH MISSING HEAD.","Park","CAPT TILLY PARK","Q052","8","HIGHLAND AVE OFF 164 STREET",24,"HIGHLAND AVE, UPLAND PKWY, GOTHIC PKWY","QUEENS","JAMAICA 11436",40.7138051,-73.7956131,"Animal in a Park","Dead Animal",2008-04-24 15:59:09,"Upon inspection the reported condition was not found, and, therefore, no action was taken.","Closed: No Further Updates","Reptile","2008","body without head"
23,"Unknown",1,"Head and Body",2008-04-26,2009-04-30,"3-1-1 Call Center","Borough Maintenance Operations Office - Manhattan","DPR General Intake","Closed","Normal","Animal in a Park","Dead Animal","N/A","a caller stated that in riverside park there is a dead animal. the caller thinks that its a goat with its head cut off.","Park","RIVERSIDE PARK","","","down on the ramp on righthand side. there a box next to the goat",6,"","MANHATTAN","NEW YORK 10069",40.7797981,-73.9893241,"Animal in a Park","Dead Animal",2008-04-30 15:33:44,"The Department of Parks and Recreation has completed the requested work order and corrected the problem.","Closed: No Further Updates","Unknown","2008","head and body"
25,"Bird",2,"Head and Body",2008-11-14,2008-11-14,"3-1-1 Call Center","Borough Maintenance Operations Office - Manhattan","DPR General Intake","Closed","Normal","Animal in a Park","Dead Animal","N/A","CALLER STATES THAT THERE ARE 2 WHITE BIRDS IN A BAG WITH THEIR HEADS CUT OFF","Park","RIVERSIDE PARK - SKATE PARK","M071","14","CALLER STATES BY 106 ST AND RIVERSIDE DRIVE, LOCATED IN THE WALKING PROMONADE BY A TREE BY THE WALL.",6,"WEST 109TH STREET AND RIVERSIDE DRIVE","MANHATTAN","NEW YORK 10023",40.8042197,-73.9686798,"Animal in a Park","Dead Animal",2008-11-14 16:50:35,"The Department of Parks and Recreation has completed the requested work order and corrected the problem.","Closed: No Further Updates","Bird","2008","head and body"
26,"Turkey or Chicken",1,"Body Without Head",2009-03-25,2009-03-25,"3-1-1 Call Center","Borough Maintenance Operations Office - Staten Island","DPR General Intake","Closed","Normal","Animal in a Park","Dead Animal","N/A","CALLER STATES THAT WHILE WALKING HIS DOG IN THE PARK THEY CAME ACROSS EITHER A DEAD TURKEY OR CHICKEN WITH THE HEAD OFF. THE HEAD IS NOWHERE TO BE FOUND.","Park","CLOVE LAKES PARK - WAR MEMORIAL ICE","R005","1","INSIDE THE PARK BY PINE TREES",49,"VICTORY BOULEVARD, WEST OF CLOVE ROAD","STATEN ISLAND","STATEN ISLAND 10301",40.6184839,-74.1054656,"Animal in a Park","Dead Animal",2009-03-25 20:18:02,"The condition was determined to be an issue appropriate for handling by an alternate entity. The Department of Parks and Recreation has notified the appropriate resource.","Closed: No Further Updates","Bird","2009","body without head"
28,"Roosters",2,"Head and Body",2009-04-27,2009-04-28,"3-1-1 Call Center","Borough Maintenance Operations Office - Queens","DPR General Intake","Closed","Normal","Animal in a Park","Dead Animal","N/A","CALLER'S REQUESTING DEAD ROOSTERS BE REMOVED ON THE PUBLIC BEACH WITH THEIR HEAD CUT OFF. CALLER STATES ITS ABOUT TWO OR THREE ROSTERS DEAD.","Park","DR. CHARLES R. DREW MEMORIAL PARK","Q220C","12","ON THE BEACH AREA BY 95 STREET. CALLER STATES DPR COULD TAKE WALK ON BEACH BEAR SAND TO LOCATE DEAD ANIMAL",28,"VAN WYCK EXPRESSWAY, 116TH AVENUE, 140TH","QUEENS","JAMAICA 11436",40.6718171,-73.7977928,"Animal in a Park","Dead Animal",2009-04-28 12:20:48,"No action was taken because the Department of Parks and Recreation determined that the issue reported was out of its jurisdiction.","Closed: No Further Updates","Bird","2009","head and body"
29,"Chicken",1,"Body Without Head",2009-06-10,2009-06-10,"3-1-1 Call Center","Borough Maintenance Operations Office - Manhattan","DPR General Intake","Closed","Normal","Animal in a Park","Dead Animal","N/A","CALLER STATES THAT THERE IS A DEAD, HEADLESS CHICKEN INSIDE THE PARK. THERE IS A HEINEKEN BOX THERE THAT WAS PROBABLY USED TO TRANSPORT THE CHICKEN.","Park","INWOOD HILL PARK","M042","12","ENTRANCE OF THE PARK ACROSS FROM 115 PAYSON AVE WALK UP THE PATH TO THE FIRST STAIRCASE ON THE LEFT, CHICKENS IS ON THE BOTTOM OF THE STAIRS.",7,"DYCKMAN STREET, HUDSON RIVER, HARLEM","MANHATTAN","NEW YORK 10034",40.8721452,-73.9212858,"Animal in a Park","Dead Animal",2009-06-10 20:57:28,"The Department of Parks and Recreation has completed the requested work order and corrected the problem.","Closed: No Further Updates","Bird","2009","body without head"
30,"Goat",1,"Body Without Head",2009-09-28,2009-09-29,"3-1-1 Call Center","Borough Maintenance Operations Office - Bronx","DPR General Intake","Closed","Normal","Animal in a Park","Dead Animal","N/A","DEAD GOAT ON A BEACH, HEADLESS","Park","PELHAM BAY PARK","","","CITY ISLAND BRIDGE ON PELHAM BAY SIDE OF BRIDGE, SOUTH SIDE",13,"","BRONX","BRONX 10464",40.8615,-73.7972,"Animal in a Park","Dead Animal",2009-09-29 15:25:13,"Upon inspection the reported condition was not found, and, therefore, no action was taken.","Closed: No Further Updates","Mammal","2009","body without head"
31,"Chicken",2,"Not specified",2009-10-22,2009-10-26,"3-1-1 Call Center","Borough Maintenance Operations Office - Manhattan","DPR General Intake","Closed","Normal","Animal in a Park","Dead Animal","N/A","CALLER IS REPORTING 2-3 DECAPITATED CHICKEN IN A PARK NEXT TO THE SIDEWALK BUT ON THE PROPERTY LINE OF THE PARK.","Park","FORT TYRON PARK","","","ON THE CABRINI BLVD SIDE OF PARK",7,"","MANHATTAN","NEW YORK 10040",40.862009,-73.9323081,"Animal in a Park","Dead Animal",2009-10-26 16:04:17,"The Department of Parks and Recreation has completed the requested work order and corrected the problem.","Closed: No Further Updates","Bird","2009","not specified"
32,"Bird",1,"Body Without Head",2009-10-30,2009-11-05,"3-1-1 Call Center","Borough Maintenance Operations Office - Manhattan","DPR General Intake","Closed","Normal","Animal in a Park","Dead Animal","N/A","CALLER STATES THAT THERE IS A BEHEADED BIRD INSIDE THE PARK. CALLER SAYS THAT IT IS BIG BIRD","Park","RIVERSIDE PARK - RIVER RUN PLAYGROUND","M071-08","114","CALLER STATES THAT THE LOCATION IS DIAGONALLY ACROSS FROM 86 RIVERSIDE DRIVE. IN THE MIDDLE OF THE SIDEWALK THAT GOES DOWN THE STAIRS TO THE PARK AREA",6,"WEST 83RD STREET AND RIVERSIDE DRIVE","MANHATTAN","NEW YORK 10023",40.7877029,-73.9811609,"Animal in a Park","Dead Animal",2009-11-05 16:09:36,"The Department of Parks and Recreation has completed the requested work order and corrected the problem.","Closed: No Further Updates","Bird","2009","body without head"
35,"Pigeon",1,"Head and Body",2010-02-18,2010-02-18,"Department of Parks and Recreation","Borough Maintenance Operations Office - Manhattan","DPR General Intake","Closed","Normal","Animal in a Park","Dead Animal","N/A","INWOOD HILL PK (PAYSON AVE & 207 ST)-2/18/2010-1029. As per Sgt. K. Clifford, a decapitated pigeon was found nailed to a tree, located on the right hand side of the staircase. NYPD has been notified. Pics taken.","Park","INWOOD HILL PARK","M042","12","Payson Ave & 207 St",7,"DYCKMAN STREET, HUDSON RIVER, HARLEM","MANHATTAN","NEW YORK 10034",40.8721452,-73.9212858,"Animal in a Park","Dead Animal",2010-02-18 11:16:07,"The Department of Parks and Recreation has completed the requested work order and corrected the problem.","Closed: No Further Updates","Bird","2010","head and body"
36,"Cat",1,"Head and Body",2010-03-28,2010-03-30,"Department of Parks and Recreation","Borough Maintenance Operations Office - Manhattan","DPR General Intake","Closed","Normal","Animal in a Park","Dead Animal","N/A","Sgt. Clifford rpts decapitated cat found in Inwood Hill Park","Park","INWOOD HILL PARK","M042","12","204 Street & Payson Street",7,"DYCKMAN STREET, HUDSON RIVER, HARLEM","MANHATTAN","NEW YORK 10034",40.8721452,-73.9212858,"Animal in a Park","Dead Animal",2010-03-30 11:56:10,"The Department of Parks and Recreation has completed the requested work order and corrected the problem.","Closed: No Further Updates","Mammal","2010","head and body"
37,"Unknown",1,"Body Without Head",2010-03-28,2010-03-30,"3-1-1 Call Center","Borough Maintenance Operations Office - Brooklyn","DPR General Intake","Closed","Normal","Animal in a Park","Dead Animal","N/A","CALLER STATES THAT THERE IS A DEAD ANIMAL IN THE PARK. IT IS A LARGE ANIMAL. THE ANIMAL IS MISSING A HEAD. IT HAS WHITISH FUR. IT IS COVERED PARTIALLY BY TREE BRANCHES.","Park","PROSPECT PARK - OCEAN AVENUE","B073","19","THE ANIMAL IS COUPLE BLOCKS SOUTH FROM LINCOLN ROAD. IT IS RIGHT UNDER A HUGE TREE THAT FELL AND WAS CHOPPED UP BY PARKS WORKERS. IT ALSO CLOSE TO WOLLMAN'S RINK AND A KID'S PLAYGROUND (IMAGINATION PLAYGROUND) ABOUT 100 FEET.",39,"PERGOLA, LINCOLN ROAD, EAST LAKE DRIVE","BROOKLYN","BROOKLYN 11215",40.6536364,-73.9976433,"Animal in a Park","Dead Animal",2010-03-30 15:51:18,"The Department of Parks and Recreation has completed the requested work order and corrected the problem.","Closed: No Further Updates","Unknown","2010","body without head"
38,"Unknown",3,"Not specified",2010-04-07,2010-04-08,"3-1-1 Call Center","Borough Maintenance Operations Office - Queens","DPR General Intake","Closed","Normal","Animal in a Park","Dead Animal","N/A","CLR STATES THAT THERE ARE THREE (3) DISCARDED ANIMAL HEADS IN THE PARK","Park","KISSENA CORRIDOR PARK","","","WALK FROM COLDEN ST LEADING TOWARDS MAINT ST NEXT TO DEPRESSION WATER. THERE IS A BASEBALL COURT IN RIGHT SIDE, BASKETBALL FIELD IN THE LEFT SIDE.",20,"","QUEENS","FLUSHING 11355",40.7473524,-73.820586,"Animal in a Park","Dead Animal",2010-04-07 23:59:37,"The Service Request submitted did not have sufficient location or complaint information for the agency to respond.","Closed: No Further Updates","Unknown","2010","not specified"
39,"Bird",2,"Head and Body",2010-04-11,2010-04-16,"3-1-1 Call Center","Borough Maintenance Operations Office - Manhattan","DPR General Intake","Closed","Normal","Animal in a Park","Dead Animal","N/A","TWO LARGE WHITE BIRDS W/ HEADS CHOPPED OFF","Park","RIVERSIDE PARK","M071","14","ON STONE WALL BTWN 72ND ST & 73RD ST",6,"RIVERSIDE DRIVE TO HUDSON RIVER, WEST","MANHATTAN","NEW YORK 10023",40.7769059,-73.9800645,"Animal in a Park","Dead Animal",2010-04-16 17:01:27,"The Department of Parks and Recreation has completed the requested work order and corrected the problem.","Closed: No Further Updates","Bird","2010","head and body"
40,"Chicken",4,"Head and Body",2010-06-24,2010-06-24,"Department of Parks and Recreation","Borough Maintenance Operations Office - Brooklyn","DPR General Intake","Closed","Normal","Animal in a Park","Dead Animal","N/A","BK-FORT GREENE PK (20 FT FROM VISITORS CENTER)-6/24/2010-1612: UPR A. Marsala rpts the carcass of four decapitated chickens were found at this location. The rangers disposed of the remains.","Park","FORT GREENE PARK","B032","2","20 FROM VISITOR CENTER",35,"MYRTLE AVENUE, CUMBERLAND STREET","BROOKLYN","BROOKLYN 11201",40.6962594,-73.9744475,"Animal in a Park","Dead Animal",2010-06-24 16:57:56,"The Department of Parks and Recreation has completed the requested work order and corrected the problem.","Closed: No Further Updates","Bird","2010","head and body"
41,"Pigeon",2,"Head and Body",2010-06-30,2010-06-30,"Department of Parks and Recreation","Department of Parks and Recreation","DPR General Intake","Closed","Normal","Animal in a Park","Dead Animal","N/A","CSA Ranger Sarah Hackney rpts that two decapitated pigeons were discovered at the above site Pigeons were disposed by M&O Pictures were taken. Rpt bled. RIZ","Park","FOREST PARK","Q015","16","FOREST PK DRIVE & OAK RIDGE",30,"MYRTLE AVENUE, UNION TURNPIKE, PARK LANE","QUEENS","RIDGEWOOD 11385",40.6974069,-73.8538296,"Animal in a Park","Dead Animal",2010-06-30 12:52:05,"The Department of Parks and Recreation has completed the requested work order and corrected the problem.","Closed: No Further Updates","Bird","2010","head and body"
42,"Chicken",1,"Body Without Head",2011-02-07,2011-02-09,"3-1-1 Call Center","Borough Maintenance Operations Office - Brooklyn","DPR General Intake","Closed","Normal","Animal in a Park","Dead Animal","N/A","DEAD HEADLESS CHICKEN INSIDE A BROWN GROCERY STORE PLASTIC BAG.","Park","FORT GREENE PARK","B032","2","INSIDE THE FENCED AREA, IN FRONT OF THE TENIS COURT ACROSS FROM THE SOUTH PORTLAND AND DEKALB ENTRANCE.",35,"MYRTLE AVENUE, CUMBERLAND STREET","BROOKLYN","BROOKLYN 11201",40.6962594,-73.9744475,"Animal in a Park","Dead Animal",2011-02-09 11:20:01,"The Department of Parks and Recreation has completed the requested work order and corrected the problem.","Closed: No Further Updates","Bird","2011","body without head"
43,"Chicken",4,"Body Without Head",2011-03-10,2011-03-15,"3-1-1 Call Center","Borough Maintenance Operations Office - Bronx","DPR General Intake","Closed","Normal","Animal in a Park","Dead Animal","N/A","CALLER STATES THAT THERE IS A HINDU POPULATION WHERE THE SET UP BLACK AND WHITE FLAGS LEAVING A YELLOW CLOTH THEIR SCARIFIED ANIMAL SUCH AS GOAT LEAVING JUST THE HEADS AND THROWING THE BODIES INTO TO WATER FRONT. FOUR BODIES DEAD CHICKENS, HEAD MISSING, THIS CEREMONY IS HELD ON FEBRUARY 25. AFTER THE CEREMONY EVERYTHING IS LEFT AT THE LOCATION.","Park","FERRY POINT PARK","X126","10","on the north section of the park along the water front",18,"WESTCHESTER COURT, SCHLEY AND EMERSON","BRONX","BRONX 10465",40.8262186,-73.8242621,"Animal in a Park","Dead Animal",2011-03-15 09:16:28,"The Department of Parks and Recreation has completed the requested work order and corrected the problem.","Closed: No Further Updates","Bird","2011","body without head"
45,"Goat",1,"Head",2011-10-04,2011-10-04,"3-1-1 Call Center","Borough Maintenance Operations Office - Brooklyn","DPR General Intake","Closed","Normal","Animal in a Park","Dead Animal","N/A","DEAD GOAT IN THE PATH OF PROSPECT PARK, RESIDENT CLAIMS THERE IS A DECAPITATED HEAD OF THE ANIMAL LYING IN THE PATHWAY OF THE PARK.","Park","PROSPECT PARK - GRAND ARMY PLAZA","B073","19","ANIMAL IS LOCATED NORTHEND OF THE PARK AT GRAND ARMY PLAZA ON THE EAST PATHWAY",39,"PLAZA STREET EAST, PLAZA STREET WEST","BROOKLYN","BROOKLYN 11215",40.6751451,-73.9693182,"Animal in a Park","Dead Animal",2011-10-04 13:06:35,"The Department of Parks and Recreation has completed the requested work order and corrected the problem.","Closed: No Further Updates","Mammal","2011","head"
46,"Dog",1,"Head",2012-02-20,2012-02-21,"3-1-1 Call Center","Borough Maintenance Operations Office - Brooklyn","DPR General Intake","Closed","Normal","Animal in a Park","Dead Animal","N/A","CALLER STATES THAT SHE IS BROOKLYN RESIDENT WHO OFTEN WALKS HER DOG AROUND NEARBY PARK VICINITY APPROX 10:30 AM AND DISCOVERED A SEVERED DOGS HEAD ON SW CORNER-44 ST BET 5-6 AVE BY A ROW OF TREES BY THE CONSTRUCTION SITE. THE HEAD WAS SMALL DOG HAD GOLDEN BROWN FUR AND WAS RELATIVELY SMALL IN SIZE. THERE WAS DRIED UP BLOOD AT AREA. (THERE WAS BLUNT SEPARATION AT BASE OF JAW). CALLER FOUND DEPT OF PARKS EMPLOYEES AND NOTIFIED OF DISCOVERY THERE WERE NO OTHER PEDESTRIANS AROUND AND PARK HAD PEOPLE ENJOYING THE WEATHER.","Park","SUNSET PARK","B087","7","BY GREENERY/TREES NEXT TO NEW CONSTRUCTION SITE - BUILDING",38,"41ST TO 44TH STREETS, 5TH TO 7TH AVENUES","BROOKLYN","BROOKLYN 11232",40.6560436,-74.0079781,"Animal in a Park","Dead Animal",2012-02-21 11:35:50,"The Department of Parks and Recreation has completed the requested work order and corrected the problem.","Closed: No Further Updates","Mammal","2012","head"
47,"Chicken",10,"Body Without Head",2012-04-28,2012-04-28,"3-1-1 Call Center","Borough Maintenance Operations Office - Queens","DPR General Intake","Closed","Normal","Animal in a Park","Dead Animal","N/A","ABOUT 10 HEADLESS CHICKENS LEFT ON THE TRAIL","Park","ALLEY POND PARK","Q001","13","THE TRAIL IS PAST THE WEATHER STATION ON THE LEFT SIDE BEFORE THE ADVENTURE COURSE",23,"LITTLE NECK BAY TO SPRING BOULEVARD","QUEENS","BELLEROSE 11426",40.7349144,-73.7213063,"Animal in a Park","Dead Animal",2012-04-28 14:45:11,"","Closed: No Further Updates","Bird","2012","body without head"
48,"Chicken",12,"Body Without Head",2012-04-29,2012-04-30,"3-1-1 Call Center","Borough Maintenance Operations Office - Queens","DPR General Intake","Closed","Normal","Animal in a Park","Dead Animal","N/A","12 BEHEADED CHICKENS IN THE PARK","Park","ALLEY POND PARK","Q001","13","ABOUT 100-150 FT INTO THE PARK. AT 69-82 230TH STREET QUEENS, OAKLAND GARDEN 11364",23,"LITTLE NECK BAY TO SPRING BOULEVARD","QUEENS","BELLEROSE 11426",40.7349144,-73.7213063,"Animal in a Park","Dead Animal",2012-04-30 09:17:24,"The Department of Parks and Recreation has completed the requested work order and corrected the problem.","Closed: No Further Updates","Bird","2012","body without head"
49,"Roosters",2,"Body Without Head",2013-01-30,2013-01-31,"","Borough Maintenance Operations Office - Manhattan","DPR General Intake","Closed","Normal","Animal in a Park","Dead Animal","N/A","2 headless roosters","Park","INWOOD HILL PARK","MO42","12","Dead animals are just off the embankment of the path leading into the park from Payson Avenue, the entrance closes to Dyckman. Animals are located where the rock wall is missing as the path curves up the hill into the woods.",7,"DYCKMAN STREET, HUDSON RIVER, HARLEM","MANHATTAN","NEW YORK 10034",40.8721452,-73.9212858,"Animal in a Park","Dead Animal",2013-01-31 15:11:26,"The Department of Parks and Recreation has completed the requested work order and corrected the problem.","Closed: No Further Updates","Bird","2013","body without head"
50,"Goat",1,"Head",2013-02-07,2015-02-16,"3-1-1 Call Center","Borough Maintenance Operations Office - Manhattan","DPR General Intake","Closed","Normal","Animal in a Park","Dead Animal","N/A","Caller states that as she was walking her dog in the park, she spotted what appears to be a goat head.  If you are on the path heading around the (museum) cloistures, heading North on the left side of the museum at the point where the path forks, (left or right) it is located in the V of the fork.","Park","FORT TRYON PARK-ANNE LOFTUS","M029-02","112","BROADWAY AND DYCKMAN STREET. If you are on the path heading around the (museum) cloistures, heading North on the left side of the museum at the point where the path forks, (left or right) it is located in the V of the fork. ",7,"BROADWAY AND DYCKMAN STREET","MANHATTAN","NEW YORK 10033",40.8655743,-73.9272707,"Animal in a Park","Dead Animal",2013-12-16 11:57:18,"The Department of Parks and Recreation has completed the requested work order and corrected the problem.","Closed: No Further Updates","Mammal","2013","head"
51,"Goat",1,"Head and Body",2013-03-20,2013-03-25,"3-1-1 Call Center","Borough Maintenance Operations Office - Manhattan","DPR General Intake","Closed","Normal","Animal in a Park","Dead Animal","N/A","THERE IS A DEAD GOAT IN PARK. THE HEAD IS HANGING FROM A TREE AND THE BODY IS ON THE GROUND IN THE SNOW.","Park","HIGHBRIDGE PARK - FORT GEORGE","M037-09","112A","BEHIND THE FENCE BY CHILDREN'S SWING, NEAR THE TRAIL",7,"FORT GEORGE AND SAINT NICHOLAS AVENUES","MANHATTAN","NEW YORK 10039",40.8567322,-73.9283922,"Animal in a Park","Dead Animal",2013-03-05 16:28:37,"The Department of Parks and Recreation has completed the requested work order and corrected the problem.","Closed: No Further Updates","Mammal","2013","head and body"
52,"Goat",1,"Head",2013-09-28,2013-09-30,"3-1-1 Call Center","Borough Maintenance Operations Office - Brooklyn","DPR General Intake","Closed","Normal","Animal in a Park","Dead Animal","N/A","ITS A GOAT HEAD IN A BOWL WITH FEATHERS AROUND AT THE ENTRANCE OF THIS PARK","Park","PROSPECT PARK - GARFIELD TOT LOT","B073-02D","319","AT THE GARFIELD STREET AND PROSPECT PARK WEST ENTRANCE",39,"WEST DRIVE OPPOSITE GARFIELD PLACE","BROOKLYN","BROOKLYN 11215",40.6734667,-73.9794251,"Animal in a Park","Dead Animal",2013-09-30 16:24:26,"The Department of Parks and Recreation has completed the requested work order and corrected the problem.","Closed: No Further Updates","Mammal","2013","head"
53,"Unknown",1,"Head and Body",2014-01-02,2014-01-10,"3-1-1 Call Center","Borough Maintenance Operations Office - Manhattan","DPR General Intake","Closed","Normal","Animal in a Park","Dead Animal","N/A","THERE IS A DEAD ANIMAL (MAYBE A GOAT) THAT WAS BEHEADED AND THE HEAD OF THE ANIMAL IS PINNED UP ON ONE OF THE TREES ABOUT 100 FEET INSIDE OF THE CHILDREN'S PLAYGROUND. THE BODY OF THE ANIMAL IS WRAPPED IN A RED SHEET AND ON THE GROUND.","Park","HIGHBRIDGE PARK - FORT GEORGE","M037-09","112A","ABOUT 100 FEET WITHIN THE ENTRANCE",7,"FORT GEORGE AND SAINT NICHOLAS AVENUES","MANHATTAN","NEW YORK 10039",40.8567322,-73.9283922,"Animal in a Park","Dead Animal",2014-01-10 10:17:03,"The Department of Parks and Recreation has completed the requested work order and corrected the problem.","Closed: No Further Updates","Unknown","2014","head and body"
54,"Chicken",3,"Head and Body",2014-01-13,2014-01-13,"Department of Parks and Recreation","Borough Maintenance Operations Office - Manhattan","DPR General Intake","Closed","Normal","Animal in a Park","Dead Animal","N/A","MN-INWOOD HILL PK (ISHAM & SEAMAN AVES)-1/13/2014-1311 UPR J. Siegler rpts three decapitated chickens were found inside of a box adjacent to the flagpole inside of the park. Parks report filed. MDR.","Park","INWOOD HILL PARK","M042","12","Isham and Seaman Aves",7,"DYCKMAN STREET, HUDSON RIVER, HARLEM","MANHATTAN","NEW YORK 10034",40.8721452,-73.9212858,"Animal in a Park","Dead Animal",2014-01-13 14:33:03,"The Department of Parks and Recreation has completed the requested work order and corrected the problem.","Closed: No Further Updates","Bird","2014","head and body"
55,"Goose",1,"Head and Body",2014-04-25,2014-04-25,"Department of Parks and Recreation","Borough Maintenance Operations Office - Brooklyn","DPR General Intake","Closed","Normal","Animal in a Park","Dead Animal","N/A","decapitated goose","Park","MARINE PARK","B057","18","off the main path",46,"FLATBUSH, GERRITSE AND FILLMORE","BROOKLYN","BROOKLYN 11235",40.6066332,-73.9404963,"Animal in a Park","Dead Animal",2014-04-25 17:50:56,"The Department of Parks and Recreation has completed the requested work order and corrected the problem.","Closed: No Further Updates","Bird","2014","head and body"
56,"Duck",3,"Head and Body",2014-06-06,2014-06-09,"3-1-1 Call Center","Borough Maintenance Operations Office - Brooklyn","DPR General Intake","Closed","Normal","Animal in a Park","Dead Animal","N/A","PERSONS HAVE FOUND 1 DUCK, AND 2 DOVES, DEAD IN THE PARK, DECAPITATED, IN POSSIBLY SOME SORT OF RITUAL, DUE TO PLACING OF THE DUCK/DOVES IN A CERTAIN WAY. THE BODIES ARE FORMING A RING, AND THE HEADS ARE VERY CLOSE TO THIS RING. THE ITEMS ARE BEHIND A BENCH, RIGHT BEHIND A WALK PATH, APPROX. 10-15 FT FROM A STATUE FOR DR. RONALD MCNAIR. PARK MAY BE CALLED ""DR. RONALD MCNAIR PARK""","Park","PROSPECT PARK","","","TO ENTER THE PARK, GO TO CLASSON AVENUE ENTRANCE, WHICH IS APPROX. 50 FT SOUTH OF EASTERN PARKWAY AND THE INTERSECTION.",35,"","BROOKLYN","BROOKLYN 11238",40.6653604,-73.9653575,"Animal in a Park","Dead Animal",2014-06-09 12:02:15,"The Department of Parks and Recreation has completed the requested work order and corrected the problem.","Closed: No Further Updates","Bird","2014","head and body"
57,"Unknown",1,"Head",2014-06-27,2014-06-27,"3-1-1 Call Center","Borough Maintenance Operations Office - Manhattan","DPR General Intake","Closed","Normal","Animal in a Park","Dead Animal","N/A","THERE IS A DEAD ANIMAL'S HEAD ON A STICK ON THE GROUND","Park","ST NICHOLAS PARK","M077","9","ON THE UPPER PATHWAY GOING UP NORTH ON THE RIGHT HAND SIDE SITTING BETWEEN 136 AND 138 STREETS",7,"SAINT NICHOLAS AVENUE TO SAINT NICHOLAS","MANHATTAN","NEW YORK 10027",40.8138912,-73.9624327,"Animal in a Park","Dead Animal",2014-06-27 14:42:44,"The Department of Parks and Recreation has completed the requested work order and corrected the problem.","Closed: No Further Updates","Unknown","2014","head"
58,"Pig",1,"Head",2014-07-08,2014-07-10,"3-1-1 Call Center","Borough Maintenance Operations Office - Bronx","DPR General Intake","Closed","Normal","Animal in a Park","Dead Animal","N/A","THERE IS A PIG'S HEAD AT THIS LOCATION. THE HEAD IS IN BETWEEN THE ROCKS, ON THE BEACH KILROE BEACH.","Park","PELHAM BAY PARK","","","BEHIND THE BASKET BALL COURT",13,"","BRONX","BRONX 10464",40.8615,-73.7972,"Animal in a Park","Dead Animal",2014-07-10 08:20:09,"The Department of Parks and Recreation has inspected the situation in question and determined that the issue is out of its jurisdiction.","Closed: No Further Updates","Mammal","2014","head"
59,"Goat",1,"Body Without Head",2014-07-10,2014-07-10,"Department of Parks and Recreation","Borough Maintenance Operations Office - Manhattan","DPR General Intake","Closed","Normal","Animal in a Park","Dead Animal","N/A","MN GAP-INWOOD HILL PK (DYKMAN FIELDS)-7/10/14-1330, PS Dennis Shea reports that a headless goat was found at the location. Pictures were taken, and a report will be lifted with 34 pct. RS","Park","INWOOD HILL PARK - DYCKMAN FIELDS","M042","12","DYKMAN FIELDS",7,"DYCKMAN STREET, HUDSON RIVER, HUDSON","MANHATTAN","NEW YORK 10034",40.8721452,-73.9212858,"Animal in a Park","Dead Animal",2014-07-10 14:06:06,"The condition was determined to be an emergency issue and NYPD was notified.","Closed: No Further Updates","Mammal","2014","body without head"
60,"Bird",1,"Whole body",2014-08-16,2014-08-19,"3-1-1 Call Center","Borough Maintenance Operations Office - Manhattan","DPR General Intake","Closed","Normal","Animal in a Park","Dead Animal","N/A","THERE'S A SMALL DEAD BIRD UNDER THE BENCH. ITS IN THE PUBLIC DOG RUN.","Park","STUYVESANT SQUARE","","","IT'S ON THE EAST SIDE OF 2ND AVENUE BETWEEN 15TH AND 16TH STREET",2,"","MANHATTAN","NEW YORK 10003",40.7336111,-73.984,"Animal in a Park","Dead Animal",2014-08-19 11:02:20,"The Department of Parks and Recreation has completed the requested work order and corrected the problem.","Closed: No Further Updates","Bird","2014","whole body"
61,"Cow",1,"Head & Intestines",2014-09-28,2014-10-02,"3-1-1 Call Center","Borough Maintenance Operations Office - Brooklyn","DPR General Intake","Closed","Normal","Animal in a Park","Dead Animal","N/A","THERE IS A DEAD BABY COW'S HEAD ON THE ROCKS OF THE BEACH AS WELL AS INTESTINES A FEW FEET AWAY.","Park","BRIGHTON BEACH","B169A","13","ON CONEY ISLAND AVENUE BY THE ROCKS",47,"BRIGHTON 2ND STREET AND BOARDWALK","BROOKLYN","BROOKLYN 11235",40.5753217,-73.9566791,"Animal in a Park","Dead Animal",2014-10-02 13:06:07,"Upon inspection the reported condition was not found, and, therefore, no action was taken.","Closed: No Further Updates","Mammal","2014","head & others"
62,"Goat",1,"Head and Body",2014-10-12,2014-10-15,"3-1-1 Call Center","Borough Maintenance Operations Office - Queens","DPR General Intake","Closed","Normal","Animal in a Park","Dead Animal","N/A","DEAD GOAT IN THE PARK WITH ITS HEAD CUT OFF. I WAS WALKING MY DOG AND NOTICE IT THIS MORNING.","Park","POWELL PARK","","","NEAR THE WEEDS IN THE PARK",19,"","QUEENS","COLLEGE POINT 11356",40.7939354,-73.842644,"Animal in a Park","Dead Animal",2014-10-15 12:00:22,"The Department of Parks and Recreation has completed the requested work order and corrected the problem.","Closed: No Further Updates","Mammal","2014","head and body"
64,"Goat",1,"Head",2014-12-07,2014-12-08,"3-1-1 Call Center","Borough Maintenance Operations Office - Brooklyn","DPR General Intake","Closed","Normal","Animal in a Park","Dead Animal","N/A","HEAD OF A GOAT. I HAVE A PHOTO OF THE DEAD ANIMAL.","Park","PROSPECT PARK","B073","19","NEAR THE ENTRANCE OF GRAND ARMY AND KEEP LEFT, PASS THE ARCH AND GO UP THE HILL, RIGHT BEFORE THE RIDGE PATH CONNECTS WITH THE PAVED PATH.",39,"PROSPECT PARK WEST, FLATBUSH, PARKSIDE","BROOKLYN","BROOKLYN 11215",40.6508437,-73.9686143,"Animal in a Park","Dead Animal",2014-12-08 16:43:50,"The Department of Parks and Recreation has completed the requested work order and corrected the problem.","Closed: No Further Updates","Mammal","2014","head"
33,"Pigeon & Rooster",5,"Body Without Head",2009-11-18,2009-11-18,"3-1-1 Call Center","Borough Maintenance Operations Office - Brooklyn","DPR General Intake","Closed","Normal","Animal in a Park","Dead Animal","N/A","CALLER STATES THAT THERE ARE 5 PIGEON AND ROOSTER IN THE PARK WITH NO HEAD. CALLER WOULD LIKE IT TO BE REMOVED INSIDE THE PLAYGROUND TOWARD WHERE THE SWINGS ARE LOCATED AT THE LEFT SIDE.","Park","WEST PLAYGROUND","B252","13","IN THE PLAYGROUND",47,"AVENUE Z AND WEST 1ST STREET","BROOKLYN","BROOKLYN 11223",40.5862137,-73.970355,"Animal in a Park","Dead Animal",2009-11-18 18:35:15,"The condition was determined to be an issue appropriate for handling by an alternate entity. The Department of Parks and Recreation has notified the appropriate resource.","Closed: No Further Updates","Bird","2009","body without head"
44,"Eagle & Hawk & Pigeon",10,"Not specified",2011-04-25,2011-04-26,"3-1-1 Call Center","Borough Maintenance Operations Office - Bronx","DPR General Intake","Closed","Normal","Animal in a Park","Dead Animal","N/A","CALLER SAYS THAT THERE WAS SOME RITUAL IN A PARK WHERE A LOT OF BIRDS WAS DECAPITATED. THERE ARE AT LEAST 10 BIRDS SOME OF THE BIRDS LOOKED LIKE AN EAGLE, AN HAWK AND PIGEONS","Park","VETERAN'S MEMORIAL PARK","","","VETERANS MEMORIAL PARK THE BIRDS ARE RIGHT BEFORE THE BASEBALL DIAMOND",13,"","BRONX","BRONX 10465",40.825069,-73.815498,"Animal in a Park","Dead Animal",2011-04-26 13:50:55,"The Department of Parks and Recreation has completed the requested work order and corrected the problem.","Closed: No Further Updates","Bird","2011","not specified"
